scenario,time_bin,n_edges,nnz,total_weight,source_entropy_bits,destination_entropy_bits,edge_gini,top_edge_share,top_source_share,top_destination_share,unique_sources,unique_destinations,total_weight_robust_z,nnz_robust_z,source_entropy_bits_robust_z,destination_entropy_bits_robust_z,edge_gini_robust_z,top_edge_share_robust_z,top_source_share_robust_z,top_destination_share_robust_z,unique_sources_robust_z,unique_destinations_robust_z,anomaly_score,injected_anomaly
volume_burst,0,5105,4948,23487905.0,10.970920830113682,10.990889531831694,0.4716240789997186,0.0016226649418072834,0.0024206075424777133,0.0033687976854470418,2843,2905,1.7317663112418193,1.7731958762886597,0.512125956028085,1.7472664101879338,-3.4935776740478834,-0.8321755468224795,0.15321482062112332,4.976146038603936,0.06521739130434782,1.9433962264150944,12.902329030691,False
volume_burst,1,5036,4865,23081411.0,10.966212049069034,10.948635490806119,0.48408396984017155,0.0023946976205224194,0.0026794289135963134,0.0028144293258328098,2875,2883,0.7305322998179772,0.061855670103092786,0.2412250018024038,-0.13234183283159923,1.1101465192435434,3.902694526364642,1.4881397985265095,1.961324741562501,1.4565217391304348,1.1132075471698113,10.955501324477373,False
volume_burst,2,5089,4936,23306452.0,10.941847128888083,10.976417214962618,0.47852353001410286,0.001964177130006747,0.0029195778061800225,0.002576711375888531,2831,2864,1.2848300340153649,1.5257731958762886,-1.160513593402292,1.1034868941354574,-0.9443443009732239,1.262315896500132,2.72675759017483,0.6685432800091122,-0.45652173913043476,0.39622641509433965,8.967933305805525,False
volume_burst,3,5032,4880,22659881.0,10.940766568916619,10.944372671231372,0.4797162186365307,0.0018405215808503142,0.002929318119543523,0.002292907010411926,2827,2845,-0.30773683290105985,0.3711340206185567,-1.22267930563063,-0.32196702882998346,-0.503665523250095,0.5039374298544906,2.776995279378648,-0.8748699224103034,-0.6304347826086957,-0.32075471698113206,3.6520667298516956,False
volume_burst,4,4986,4838,22481976.0,10.984040425055564,10.938975802873145,0.4810860007086806,0.002143183499528689,0.00240757307097917,0.0022758230860134357,2882,2853,-0.7459340431977891,-0.4948453608247423,1.266909573085315,-0.5620387002347447,0.0024463637513190447,2.360160489516455,0.08598682664983748,-0.9677774237501253,1.7608695652173914,-0.018867924528301886,5.473926454468999,False
volume_burst,5,5011,4862,23234434.0,10.955750803979939,10.957396905222367,0.4829702312945605,0.0017711642986439867,0.002437416809895175,0.00409129828598364,2840,2827,1.1074427391605275,0.0,-0.3606210492569011,0.25739667164240754,0.698638492962607,0.07856978813384079,0.23991210855712888,8.905320855035942,-0.06521739130434782,-1.0,10.588642162529847,False
volume_burst,6,4963,4816,22733619.0,10.962928596338374,10.953273723451188,0.4843730628301719,0.002199825729462608,0.002500657726339128,0.0028990104919062822,2851,2862,-0.12611301180069606,-0.9484536082474226,0.05232463258656144,0.07398305589177182,1.2169616117044326,2.707546820156033,0.5660902700505064,2.421302473668908,0.41304347826086957,0.32075471698113206,6.555045447595782,False
volume_burst,7,4964,4811,22505327.0,10.916259604757954,10.939408254688766,0.4812061913755956,0.0017455422887212436,0.003055498815902564,0.0028694095402390734,2773,2817,-0.6884182732214594,-1.0515463917525774,-2.632589835087509,-0.542801723661104,0.0468548331488327,-0.07856978813384079,3.427798428172702,2.260323626389283,-2.9782608695652173,-1.3773584905660377,5.688122054561985,False
volume_burst,8,5013,4868,23171656.0,10.980371999303003,10.949947410012781,0.48506076665005127,0.0016436460130428313,0.0018747041644326154,0.002263972846826312,2886,2854,0.9528144573921226,0.12371134020618557,1.055861315064401,-0.07398305589177182,1.471056832436117,-0.7034988093792734,-2.662395234011485,-1.0322225762498747,1.934782608695652,0.018867924528301886,4.086037645886663,False
volume_burst,9,4970,4831,22194922.0,10.970664725676494,10.97380700181052,0.47443897307870597,0.0014462317101181974,0.0023422925297957795,0.0025752737495540645,2871,2880,-1.452975790222984,-0.6391752577319587,0.4973920077391703,0.9873754397599839,-2.453520731420936,-1.9142391066586353,-0.2507111230606485,0.6607250371112796,1.2826086956521738,1.0,4.428101180262607,False
volume_burst,10,5018,4847,22610241.0,10.963072785218603,10.980685650908002,0.4782222678596353,0.0023336770271488922,0.0023610982297800364,0.002375604930526835,2826,2875,-0.4300049508242753,-0.30927835051546393,0.06061996525811646,1.293361926038068,-1.0556556990267763,3.5284557287359197,-0.15371681950881383,-0.42513384628042916,-0.6739130434782609,0.8113207547169812,5.693758374749086,False
volume_burst,11,4835,4692,21669511.0,10.920799642802416,10.921767201389727,0.4829720242352713,0.0019929383731824867,0.0025290833743317974,0.0024099759334670727,2786,2802,-2.7471138664952353,-3.5051546391752577,-2.371396836983785,-1.3275377723706439,0.6993009549884052,1.438708364506938,0.7127014534877983,-0.23821403047959677,-2.4130434782608696,-1.9433962264150944,2.1514098179947365,False
volume_burst,12,4977,4829,22995372.0,10.939482976210172,10.969313701861667,0.48168722658334406,0.0013868442745783804,0.0023193797430195954,0.002236928369760663,2822,2861,0.5186099267721365,-0.6804123711340206,-1.296525697237366,0.7874976667178248,0.22458940980712963,-2.278461760716214,-0.3688885797704829,-1.179298548409622,-0.8478260869565217,0.2830188679245283,1.5891264614144895,False
volume_burst,13,4894,4737,22359670.0,10.943407060252875,10.923158795367286,0.4801458064376365,0.001716438569978895,0.0023742300311229998,0.00248684349992643,2815,2808,-1.0471855426078776,-2.577319587628866,-1.0707691582200816,-1.2656347816111968,-0.3449399149427793,-0.2570626559758348,-0.08598682664983748,0.1798148349749187,-1.1521739130434783,-1.7169811320754718,0.1798148349749187,False
volume_burst,14,5082,4929,22924845.0,10.980682143600259,10.934576608452065,0.48402423767197544,0.0017081903934355936,0.002101388253661039,0.0027084588794384435,2872,2836,0.3448951090289734,1.3814432989690721,1.0737042313685512,-0.7577303286757177,1.0880764681200334,-0.30764865492375254,-1.4932249622641331,1.385025692192077,1.326086956521739,-0.660377358490566,5.511155288080412,False
volume_burst,15,5047,4862,23231063.0,10.968126401615422,10.97437460805325,0.4805788782032865,0.001948770058434261,0.002767415335234552,0.002083589545601077,2881,2880,1.0991396403386264,0.0,0.35135964739825665,1.0126245602400161,-0.18492703918938003,1.1678244531775206,1.9419480426207654,-2.0132010335032953,1.7173913043478262,1.0,8.290287648123012,False
volume_burst,16,5019,4882,22176839.0,10.978430044522842,10.975920882622834,0.4757200007369855,0.0018837220218805755,0.0020730186118950496,0.002278232709359526,2856,2875,-1.497515967024062,0.41237113402061853,0.944138684935599,1.0814082873444322,-1.9802021367226736,0.7688853796266317,-1.6395472819550099,-0.9546731697723263,0.6304347826086957,0.8113207547169812,4.648559023252958,False
volume_burst,17,14976,14810,1105640679.0,11.642072144987171,11.645011259684301,0.47016174292452995,0.0003279103300793078,0.000952899997269366,0.0011358328468303398,3977,3995,2667.1786434741484,205.11340206185568,39.12414250661352,30.844899719762964,-4.033886738892311,-8.772894938901256,-7.416791681898401,-7.167386026773876,49.369565217391305,43.075471698113205,3034.7061246778853,True
volume_burst,18,5118,4952,23303864.0,10.967223491840656,11.002599293644716,0.4810727586359509,0.0014038444439943521,0.0021796814468192914,0.0024207144360265747,2881,2885,1.2784555398738402,1.8556701030927836,0.29941433135054785,2.268157768584355,-0.0024463637513190447,-2.1741998614132494,-1.0894115573075924,-0.17981483497491635,1.7173913043478262,1.1886792452830188,8.607768292532372,False
volume_burst,19,4918,4762,22358653.0,10.949839075815422,10.919480453571305,0.484211253374796,0.001826049181048608,0.002487269693751229,0.0025545814410197253,2824,2786,-1.0496905119053777,-2.0618556701030926,-0.7007287726156775,-1.4292603519130709,1.1571756862933609,0.4151783208199592,0.49703871132737404,0.5481940613216637,-0.7608695652173914,-2.547169811320755,1.4604110934689971,False
volume_burst,20,4963,4788,22907191.0,10.941554423213454,10.935877241945477,0.47874166369634197,0.0016906044918383926,0.002168314744483512,0.002254706829833479,2831,2794,0.3014116006926228,-1.5257731958762886,-1.177353248041703,-0.6998735799239675,-0.8637475025618327,-0.4155028448800363,-1.148037685431666,-1.082613953903861,-0.45652173913043476,-2.2452830188679247,0.3014116006926228,False
volume_burst,21,5083,4917,22836021.0,10.957588877176772,10.942190648811373,0.4813074046124979,0.0020142300622336966,0.0022143524916183955,0.002319055495701287,2831,2841,0.12611301180069606,1.134020618556701,-0.2548748320857785,-0.4190310546021479,0.08425145510762928,1.569290118460617,-0.9105884426924076,-0.7326666220801809,-0.45652173913043476,-0.4716981132075472,2.829423748818014,False
volume_burst,22,4832,4677,22125778.0,10.917747793657966,10.901557075132319,0.4853959358746385,0.001688799372388171,0.0026644034844786023,0.002697080301537871,2805,2771,-1.6232841452931455,-3.814432989690722,-2.5469728167426946,-2.226555215054949,1.5948963337477315,-0.42657362763188356,1.4106430271189108,1.3231455751367645,-1.5869565217391304,-3.1132075471698113,2.733788602255675,False
volume_burst,23,5069,4894,22638591.0,10.961109590282852,10.977391726542972,0.4768173343842155,0.0016432118058937503,0.002274964903955374,0.0025464040584504575,2861,2840,-0.36017616067272096,0.6597938144329897,-0.052324632586459245,1.1468365940669574,-1.5747554498653689,-0.7061617982558182,-0.5979673370625466,0.5037230039528063,0.8478260869565217,-0.5094339622641509,3.1581794994092753,False
scanner_fanout,0,4984,4819,22743208.0,10.97236988098921,10.942768063671457,0.47996522753947723,0.0018532565854386066,0.002878881466501999,0.002396759507277953,2864,2838,-0.014780671937239956,-1.011764705882353,1.7464688386801146,-0.5482137588298033,0.1308032621452477,0.46304099402511095,1.83266183177039,-0.20239613949048138,0.8809523809523809,-0.4074074074074074,4.923124045427997,False
scanner_fanout,1,5038,4882,22751709.0,10.967921341465512,10.956736259721069,0.48612468586947033,0.001666292409066941,0.002038747946363062,0.003921024130538941,2837,2866,0.014780671937239956,0.47058823529411764,1.4008886346155593,0.39642849006024167,3.617227825748588,-0.7153512816206348,-2.1614939006474856,10.686869110766548,-0.40476190476190477,1.6666666666666667,14.636221809340372,False
scanner_fanout,2,5004,4810,23033460.0,10.956303420315814,10.960056176749932,0.47843921914606025,0.001651640700094558,0.002180610294762489,0.0023663835133757587,2862,2861,0.9945404881916323,-1.223529411764706,0.49836241441867185,0.6209480971114664,-0.7329598907227454,-0.8076976391589015,-1.487053114163775,-0.4194006213851914,0.7857142857142857,1.2962962962962963,4.195861581732352,False
scanner_fanout,3,5081,4908,22900529.0,10.957752178537717,10.94756710942539,0.4795566954282451,0.0018201762937441314,0.0021532253687240152,0.00232147475719884,2830,2844,0.5322867530335934,1.0823529411764705,0.6109077024392573,-0.22366351931276515,-0.10043726442587726,0.2545435108955817,-1.61724629976637,-0.7402263826125144,-0.7380952380952381,0.037037037037037035,2.51712794458194,False
scanner_fanout,4,4982,4826,22467446.0,10.935976355052318,10.94524406650493,0.4798548857914502,0.00177817273934919,0.002447407684878824,0.0021872535044704234,2833,2842,-0.9737143632105407,-0.8470588235294118,-1.0807246824528034,-0.3807664466240483,0.0683467667681868,-0.010195248203758635,-0.21864720060010773,-1.6990958603116373,-0.5952380952380952,-0.1111111111111111,0.0,False
scanner_fanout,5,4930,4771,22192559.0,10.948641684550154,10.921953892340564,0.4821290282311361,0.0017814079034328579,0.0023224901643834764,0.0024887170515126263,2818,2819,-1.929605332934592,-2.1411764705882352,-0.0968316251715023,-1.955836156522488,1.3555745777342776,0.010195248203758635,-0.8125290284355315,0.4545436566922356,-1.3095238095238095,-1.8148148148148149,0.46473890489599423,False
scanner_fanout,6,5021,4871,22760049.0,10.936750747069542,10.965928119488074,0.4812083719331963,0.0015867276911398565,0.0027821556974679624,0.0024534217830550365,2831,2868,0.04378215504665796,0.21176470588235294,-1.0205668374089123,1.0180562973265237,0.8344575314278624,-1.2168294302089857,1.3728089921932538,0.20239613949048138,-0.6904761904761905,1.8148148148148149,4.663623104754084,False
scanner_fanout,7,5013,4853,22350020.0,10.93157965107843,10.967124574580156,0.47959256437929,0.0016241148777495502,0.0022983872050226354,0.002361921823783603,2822,2844,-1.3820510725158786,-0.21176470588235294,-1.4222780953008174,1.0989702553541412,-0.08013444146745342,-0.9811865773160939,-0.9271191155962217,-0.451274694096631,-1.119047619047619,0.037037037037037035,1.1360072923911781,False
scanner_fanout,8,4898,4756,22839693.0,10.937280247243539,10.909252637413799,0.48671589209261623,0.001948406224199248,0.0027552034083820655,0.0025547628858233777,2844,2820,0.32073588655343105,-2.4941176470588236,-0.9794331625910878,-2.814797612613935,3.9518669755085862,1.062747320242026,1.2446726455606185,0.9263715778478636,-0.07142857142857142,-1.7407407407407407,3.5545274302039394,False
scanner_fanout,9,4956,4823,22102072.0,10.980352222571561,10.967506661238467,0.4794912282812094,0.0019319455660084719,0.002721464304342145,0.0021249138994751263,2884,2852,-2.2442644698796648,-0.9176470588235294,2.3665688104231424,1.1248100416011035,-0.1374934887407451,0.958999571125125,1.0842704802174175,-2.1444466767189323,1.8333333333333333,0.6296296296296297,7.997611866329751,False
scanner_fanout,10,5043,4896,22706340.0,10.964858828982809,10.970836322593073,0.47633462846842667,0.0015286479459040955,0.0026046910246213173,0.002472745497513029,2857,2839,-0.14298530974036022,0.8,1.1629805114921885,1.3499886386715725,-1.9242166931436377,-1.5828927289943127,0.5291079335390659,0.3404437259411447,0.5476190476190477,-0.3333333333333333,4.730139857263019,False
scanner_fanout,11,4950,4807,22506306.0,10.950817693182096,10.952772146108416,0.4803206338209147,0.0020215667555573092,0.0028492458957947164,0.002327658745953245,2877,2829,-0.8385827524633004,-1.2941176470588236,0.07220936076712733,0.1283431063347999,0.33197309288001714,1.5238613513230246,1.691768650167074,-0.6960482964562805,1.5,-1.0740740740740742,4.916182468592026,False
scanner_fanout,12,5062,4883,23297190.0,10.948958638805859,10.948976589276173,0.4857256473525493,0.0021610760782738176,0.0024334265205374554,0.0025146809550851412,2862,2843,1.9116341501157104,0.49411764705882355,-0.07220936076712733,-0.12834310633467977,3.391360937349837,2.4031565802812134,-0.285116334804775,0.6400284003638086,0.7857142857142857,-0.037037037037037035,6.234651063533842,False
scanner_fanout,13,4964,4799,22044612.0,10.908468762399664,10.948577054374377,0.4819049928786536,0.0020908056807713376,0.002532909175266954,0.002378313576124633,2803,2849,-2.4440756472738085,-1.4823529411764707,-3.2176236425701825,-0.15536288374915114,1.2287643431058388,1.9602583993009786,0.1878432676144495,-0.334172888784025,-2.0238095238095237,0.4074074074074074,2.5555090743228357,False
scanner_fanout,14,5099,4950,23208392.0,10.969825364244866,10.970004166031758,0.4796133896373138,0.0018218840839985813,0.0021608562971532023,0.002129445245495681,2877,2856,1.6028483351097031,2.070588235294118,1.548800680159359,1.2937114900178524,-0.0683467667681868,0.265307320751146,-1.5809674038546015,-2.112074982194558,1.5,0.9259259259259259,9.207181987258103,False
scanner_fanout,15,5060,4884,23125623.0,10.947785670464743,10.962286715613335,0.47896556431060566,0.0016254697224805576,0.002284695205832941,0.0026158862833662905,2810,2850,1.315027740927039,0.5176470588235295,-0.16333019638630078,0.7717951528570717,-0.43503390238230005,-0.972647302056513,-0.9922135032629988,1.3630338730192466,-1.6904761904761905,0.48148148148148145,4.4489853071083685,False
scanner_fanout,16,5058,4873,22833702.0,10.952131390876854,10.936354604083645,0.483501923142752,0.0021738919076722645,0.0023962386826279856,0.003348778047466854,2847,2842,0.29990280678022685,0.25882352941176473,0.17426261105645255,-0.9819437026734763,2.13267124543897,2.483931810393222,-0.46191444177445273,6.598773584635825,0.07142857142857142,-0.1111111111111111,9.887122913706062,False
scanner_fanout,17,14973,13924,50349503.0,7.90000483935284,11.615169787920479,0.4721435206068456,0.0007787167233805664,0.046940483205961336,0.0012147686939432154,2847,3979,95.98324068970673,213.2235294117647,-236.92704016212676,44.9250223481169,-4.2965001983627795,-6.309537036139901,211.30995912859865,-8.646475529218074,0.07142857142857142,84.11111111111111,649.6242912607266,True
scanner_fanout,18,5027,4891,22565598.0,10.967611943617626,10.92202744418584,0.4837006558586776,0.0022599002251125805,0.0024976515136004816,0.0026613963432300797,2877,2823,-0.6324009854940423,0.6823529411764706,1.376853381957924,-1.9508619866093184,2.2451594847084615,3.0260224872268373,0.020221588344347476,1.6881553157459428,1.5,-1.5185185185185186,8.293605714451521,False
scanner_fanout,19,4967,4820,22693388.0,10.940658983584937,10.924036080276426,0.47787468744245554,0.0017505098842006315,0.0025306930811741287,0.002575375699741264,2795,2809,-0.18802454346136527,-0.9882352941176471,-0.7169595152016656,-1.815021788843341,-1.0525005212350562,-0.18454787265822906,0.17730753167217714,1.0736284221521364,-2.4047619047619047,-2.5555555555555554,1.2509359538243134,False
scanner_fanout,20,4866,4735,22442653.0,10.939357701659963,10.940497628219338,0.4811449318988099,0.0017309005312339855,0.0033385536014837462,0.0029296892840610243,2812,2812,-1.0599294436340179,-2.988235294117647,-0.8180482592225924,-0.7017589441802117,0.7985487091985444,-0.3081411219894339,4.018031239083742,3.604825789426183,-1.5952380952380953,-2.3333333333333335,7.622857028509925,False
scanner_fanout,21,5067,4912,23166830.0,10.955749920714801,10.955166434840237,0.47320030391480716,0.001964014929966681,0.0027053766095749827,0.003081647338025962,2859,2845,1.4583208002183805,1.1764705882352942,0.45536436886938203,0.2902642509182902,-3.698331481912144,1.1611254088476544,1.0077864967370012,4.69040603007824,0.6428571428571429,0.1111111111111111,10.993706197872495,False
scanner_fanout,22,4913,4760,22458317.0,10.94136124404082,10.933565808340248,0.47691053723394927,0.0015888991147466661,0.002489144667429888,0.002137337361477265,2820,2796,-1.0054595118083676,-2.4,-0.6624051360941471,-1.170544598120589,-1.598236329458844,-1.2031434457863193,-0.020221588344347476,-2.0556941261425408,-1.2142857142857142,-3.5185185185185186,0.0,False
scanner_fanout,23,5044,4904,23598627.0,10.974711728272094,10.987925557809904,0.4780601925448611,0.0016181449878418775,0.0023719176543618406,0.0023531877511348436,2888,2872,2.9598499851341318,0.9882352941176471,1.9283928291485453,2.505700767116856,-0.9474994787649438,-1.018813422683906,-0.5775412702950613,-0.5136704437164591,2.0238095238095237,2.111111111111111,12.517099510437815,False
destination_attack,0,5056,4889,23141885.0,10.966228243041225,10.960372208431483,0.47651770381840075,0.0019617243798420053,0.0025076176811007402,0.002449325108996091,2828,2854,1.140487347454173,1.2567567567567568,1.2001275093752113,0.6723776451613965,-1.9075555732001057,1.9347629186294508,0.579677286888781,0.49216143954837704,0.14583333333333334,0.5806451612903226,8.0028293984378,False
destination_attack,1,4902,4767,21814245.0,10.962614002876663,10.936742443750703,0.4786595446104982,0.0018918830333114899,0.0023196310484273007,0.0023779874114368844,2820,2807,-2.3963114612165306,-2.0405405405405403,0.9825393205003757,-1.3655067215516365,-0.870310403323714,1.2881328955093392,-0.3213998780051174,0.0011555996141775974,-0.1875,-2.4516129032258065,2.2718278156238925,False
destination_attack,2,5166,4986,24275981.0,11.011620576175332,10.971096914250815,0.48050647814292513,0.0015536756269499468,0.0020818520166085153,0.0026267939491302125,2916,2862,4.1616899187221446,3.8783783783783785,3.932883249376932,1.5973005388958665,0.024117834601738247,-1.8431793408520305,-1.4611471718176712,1.7136507767937024,3.8125,1.096774193548387,20.193177055715413,False
destination_attack,3,4949,4797,22303398.0,10.933355542976491,10.945058099776961,0.47813164556026,0.001852811845082978,0.002362106437772397,0.0022555307491710455,2799,2807,-1.0932204518633168,-1.2297297297297298,-0.7789084552634885,-0.6483457322736063,-1.1259600025199719,0.926390108426989,-0.11780240479897341,-0.8416938105658285,-1.0625,-2.4516129032258065,0.926390108426989,False
destination_attack,4,4964,4820,23342823.0,10.903157364971765,10.945885795698967,0.491168224903086,0.0017363366890114362,0.0022383753670239454,0.0023748198750425343,2788,2854,1.675781010658561,-0.6081081081081081,-2.5969301030206107,-0.5769633633573791,5.1873612326287555,-0.15200165526204729,-0.7108830981107038,-0.020646041328035197,-1.5208333333333333,0.5806451612903226,2.256426171948884,False
destination_attack,5,5018,4866,23368328.0,10.941092381350906,10.956577477004245,0.480406874763768,0.001715527101468278,0.002573911150168724,0.002212096646366826,2838,2855,1.7437256745848861,0.6351351351351351,-0.3131273857008567,0.3451114215695576,-0.024117834601738247,-0.3446683884023248,0.8974420678694037,-1.1406437186627965,0.5625,0.6451612903225806,4.829075589481564,False
destination_attack,6,4995,4854,22712164.0,10.967845212708308,10.956518423403395,0.48455627160998893,0.0018513867723040393,0.002493333528236235,0.0021736810283687633,2863,2851,-0.004278342688323002,0.3108108108108108,1.2974739737236,0.34001850542771017,1.9853414363780992,0.9131959921939874,0.5112089932499538,-1.4050522071211675,1.6041666666666667,0.3870967741935484,5.363971716266277,False
destination_attack,7,4962,4802,22575711.0,10.963194062754678,10.948641340622196,0.48293476387888035,0.0017447955459741666,0.0021081063626301735,0.002186154845798655,2861,2849,-0.36778562466200826,-1.0945945945945945,1.0174606794996244,-0.3393189349559878,1.2000818278137464,-0.0736848537526403,-1.335302097926512,-1.3191969382534456,1.5208333333333333,0.25806451612903225,2.7963585289619894,False
destination_attack,8,4914,4751,22134866.0,10.930944562943917,10.942764048101484,0.4801506799562223,0.0023593998716775607,0.002685311038250695,0.0023776516198471677,2806,2845,-1.542185364658119,-2.472972972972973,-0.9240567450325909,-0.8461899388936314,-0.14818719944651912,5.616663758951485,1.4314156483035743,-0.0011555996141805825,-0.7708333333333334,0.0,7.048079407255059,False
destination_attack,9,5017,4848,22961810.0,10.94137095224017,10.948312483254025,0.4775277774219231,0.0017705050255184588,0.002790154608891895,0.0022740803098710424,2812,2829,0.6607721795838339,0.14864864864864866,-0.29635657565269397,-0.36768033840317194,-1.4183997170137956,0.16434780423553297,1.9339628031049354,-0.7140201829672743,-0.5208333333333334,-1.032258064516129,2.907731435572951,False
destination_attack,10,5016,4867,22605051.0,10.9679201180937,10.939703849529721,0.4784434052517903,0.0017607126831963352,0.002086569059277946,0.0033716800727412646,2848,2827,-0.2896246193846752,0.6621621621621622,1.3019835044692478,-1.1101083872015791,-0.9749818180559023,0.07368485375263831,-1.4385369501502723,6.840581548219668,0.9791666666666666,-1.1612903225806452,9.857578735270382,False
destination_attack,11,4937,4793,21919831.0,10.938203574624623,10.934863491114834,0.482136115096087,0.0015642000159581523,0.0024767070512541818,0.002536926493639481,2821,2835,-2.1150330732406446,-1.337837837837838,-0.48704228757825957,-1.5275518478640873,0.8133142419892045,-1.7457386950774318,0.431513226970722,1.0951076085150493,-0.14583333333333334,-0.6451612903225806,1.5266208354857713,False
destination_attack,12,4990,4838,22715376.0,10.94005525172826,10.935621468423214,0.48562080547325426,0.0016662722201912924,0.0020008473555533485,0.0023477929663149755,2810,2824,0.004278342688323002,-0.12162162162162163,-0.3755657256962079,-1.4621821699202593,2.500871167586794,-0.8006974686119909,-1.849427174968628,-0.206667884962479,-0.6041666666666666,-1.3548387096774193,0.004278342688323002,False
destination_attack,13,4981,4842,22757432.0,10.966123169547338,10.978061277173857,0.4726513020887906,0.0025789816706911395,0.0025789816706911395,0.0025789816706911395,2813,2845,0.11631444486772036,-0.013513513513513514,1.1938017672571353,2.1979229537491216,-3.7799666943425825,7.6496741578971585,0.9217466165061744,1.3845665935726092,-0.4791666666666667,0.0,13.46402653384992,False
destination_attack,14,5001,4852,22578723.0,10.939733840530092,10.962894335768048,0.4815885259795647,0.001989837954963175,0.002688460281832591,0.0027633095104625713,2821,2872,-0.3597617341406951,0.25675675675675674,-0.39491565190732875,0.8898916127984209,0.548129187952844,2.1950540303228374,1.4465109316116416,2.6532653165039637,-0.14583333333333334,1.7419354838709677,9.183414131864588,False
destination_attack,15,5011,4843,22924751.0,10.939366324517612,10.95868834022938,0.4837236915102432,0.0017184483268760477,0.0027078592914706033,0.0024415532364997117,2800,2860,0.5620479568649285,0.013513513513513514,-0.41704122738015353,0.5271570417813,1.5821416793360359,-0.3176220591603773,1.5394962910373566,0.4386688975472978,-1.0208333333333333,0.967741935483871,4.048625636228268,False
destination_attack,16,5027,4876,23054156.0,10.965012350385011,10.956510311713696,0.4810479358730799,0.0015080578096200962,0.0020940259101222356,0.0022765526528058543,2861,2840,0.9067795481366832,0.9054054054054054,1.1269270941051226,0.3393189349559878,0.2863335965610151,-2.2655344605632752,-1.4027939937376148,-0.6970034462229293,1.5208333333333333,-0.3225806451612903,4.799264315936532,False
destination_attack,17,15131,13566,131392881.0,11.660455916715083,5.098494206187304,0.46235087381396767,0.0005818351756820067,0.0010840998303401233,0.10758455018578975,4006,2845,289.5183561147534,235.77027027027026,42.994733098282545,-504.86924334561587,-8.768231702245272,-10.84101865367048,-6.243677176656881,724.1209196099207,49.229166666666664,0.0,1341.6334457598937,True
destination_attack,18,4984,4832,22532624.0,10.927745935502308,10.981967585116257,0.4825732693462217,0.0016646529938102194,0.002411259336684445,0.002661829354628205,2794,2912,-0.4825682843206466,-0.28378378378378377,-1.1166237909995806,2.5348117884423145,1.0250181819440976,-0.8156891668572765,0.11780240479897133,1.9547938090551493,-1.2708333333333333,4.32258064516129,8.929988647457726,False
destination_attack,19,4854,4715,21542023.0,10.906923106758232,10.92259889034827,0.4792645908823303,0.0016976121509108034,0.0022594906708622493,0.0022963024410474356,2756,2804,-3.1215038667586628,-3.445945945945946,-2.370221058303137,-2.5852787657493783,-0.5773001453600487,-0.5105349626974509,-0.6096710180393301,-0.5610688464829814,-2.8541666666666665,-2.6451612903225805,0.0,False
destination_attack,20,5077,4921,23570695.0,10.954918494706755,10.984564350122952,0.48090817784245643,0.0018695672741088033,0.002611632792329628,0.0022463486969730847,2866,2873,2.2828261570306276,2.1216216216216215,0.5192464542488126,2.7587626776136847,0.21865193565021662,1.081521187602602,1.0782533834938255,-0.9048923914849507,1.7291666666666667,1.8064516129032258,13.377849761181066,False
destination_attack,21,4988,4831,22410864.0,10.939954355455416,10.957596417148595,0.48150928712148167,0.0016367954399259216,0.0031369160956935885,0.0021573465440689835,2830,2838,-0.8069337922473021,-0.3108108108108108,-0.38163998647379427,0.43298712489707875,0.5097555968267465,-1.073609891573011,3.5960961844951442,-1.517479821943596,0.22916666666666666,-0.45161290322580644,4.25824997605889,False
destination_attack,22,4928,4765,22497297.0,10.951216191030888,10.92921692638362,0.4799152572146932,0.002026154519807424,0.002301209785335545,0.002464118244960717,2841,2824,-0.5766785035923693,-2.0945945945945947,0.29635657565269397,-2.0145243652303844,-0.2621971213936066,2.531292982339885,-0.4096986005494946,0.5939802029524492,0.6875,-1.3548387096774193,4.109129760945028,False
destination_attack,23,5132,4965,23444024.0,10.998305110565536,10.991244759417969,0.474278448241771,0.0017703018901533286,0.0022095609525054232,0.0026030514215477684,2877,2893,1.9453778714312735,3.310810810810811,3.1312519481511782,3.334896289161331,-2.9919765252837824,0.16246706406691022,-0.848999359746875,1.5502347976320037,2.1875,3.096774193548387,18.719312974801895,False
distributed_low_rate_scan,0,5010,4869,23193229.0,10.946457574332673,10.970196669970058,0.4816966111553289,0.001971221859621185,0.002264928268504571,0.002502928764252705,2823,2866,1.144553885628301,-0.03508771929824561,-0.5106910092984998,0.9973068882436065,0.8652870403121221,2.1280091095316074,-0.9444048195410657,-0.4155258109422076,-1.394736842105263,1.25,5.519869883403515,False
distributed_low_rate_scan,1,5105,4928,23256092.0,10.957370425990316,10.97032290365193,0.4762261607611258,0.0016264985535832934,0.002298838515086714,0.0021087807874169058,2867,2861,1.295298158950164,1.0,0.25066299946013976,1.0026931117563935,-2.4633588628396255,-0.36366564954301583,-0.7240873377104659,-1.9697264911220196,0.9210526315789473,1.0227272727272727,5.492434174472916,False
distributed_low_rate_scan,2,5055,4898,22592613.0,10.940935836973061,10.912072514315264,0.4861554754511963,0.0015853854532010088,0.002247814363039813,0.00286208593932893,2852,2833,-0.2957118106554281,0.47368421052631576,-0.8959245858135876,-1.4827736196384458,3.578405577476118,-0.6608328926495202,-1.0555951804589343,1.0006994612922193,0.13157894736842105,-0.25,1.605962619186956,False
distributed_low_rate_scan,3,5041,4900,22900431.0,10.953525384570842,10.973623541825726,0.47958222364585956,0.001986818501363577,0.002532528754589815,0.0020805285280438607,2848,2877,0.4424298740460532,0.5087719298245614,-0.01759297894027227,1.1435269579634573,-0.4212701558793262,2.240742301268798,0.794216133513049,-2.081130540653639,-0.07894736842105263,1.75,6.87968719661592,False
distributed_low_rate_scan,4,5175,5010,23594578.0,10.978126173331692,10.984843803076359,0.47795394783474454,0.0016115990716172165,0.002343038303122014,0.0026768438070814407,2885,2885,2.1069811218953642,2.43859649122807,1.6987236841364404,1.6222806001894026,-1.412039327941002,-0.47135974068195596,-0.4369179131592567,0.2702543877229435,1.868421052631579,2.1136363636363638,12.118893701440163,False
distributed_low_rate_scan,5,4978,4814,22282710.0,10.95402972175744,10.95332475953361,0.47815563027511,0.0015859830334820136,0.002611127641117261,0.0021655355205897307,2818,2825,-1.0388532855335808,-1.0,0.01759297894027227,0.2774048830827635,-1.289320103657115,-0.6565135568906062,1.3048791483769633,-1.7459317488306605,-1.6578947368421053,-0.6136363636363636,1.599877010399999,False
distributed_low_rate_scan,6,5014,4878,22649462.0,10.942485927814444,10.974616190358478,0.4801785630246389,0.001506879059643889,0.002912651964978241,0.002529508206420091,2835,2878,-0.15938899446665908,0.12280701754385964,-0.7877798118305266,1.185881952191322,-0.05841106987694442,-1.2282804537110064,3.263905886292451,-0.3107179988433513,-0.7631578947368421,1.7954545454545454,6.368049401482178,False
distributed_low_rate_scan,7,5039,4889,22825694.0,10.948517461163467,10.942891767055785,0.48184498060100545,0.0015557029722732636,0.0025096279657477226,0.0028617311701453632,2851,2848,0.263211975516615,0.3157894736842105,-0.3669794345960093,-0.16775704643935455,0.9555665076165739,-0.875379130803337,0.6454279459249047,0.9993005387077807,0.07894736842105263,0.4318181818181818,2.734495484072745,False
distributed_low_rate_scan,8,4870,4710,22297823.0,10.933219927232006,10.896766084200825,0.48399541704309934,0.0016461696731559848,0.002171377896398227,0.0029615447212043974,2811,2769,-1.0026126001906395,-2.824561403508772,-1.4342384012000182,-2.1358786590911514,2.2640586677043837,-0.22148195826504277,-1.5522087869011512,1.3928844159928846,-2.026315789473684,-3.159090909090909,1.3928844159928846,False
distributed_low_rate_scan,9,4928,4783,22367272.0,10.978877456502392,10.933765705210995,0.47935125995934214,0.0018821696271230572,0.0022164973895788453,0.0025290522688685506,2861,2817,-0.8360752246608356,-1.543859649122807,1.7511382565754436,-0.5571539820166079,-0.5618063592087135,1.4843357748066264,-1.259063967238841,-0.3125158476066814,0.6052631578947368,-0.9772727272727273,3.840737189276807,False
distributed_low_rate_scan,10,4964,4813,22412472.0,10.947330293755344,10.94702239284288,0.4803705539239602,0.0017399687102788127,0.0021587533940923605,0.0022832376544631044,2817,2819,-0.7276864879771232,-1.0175438596491229,-0.44980422628176453,0.008491268646224676,0.05841106987694442,0.45650148274652624,-1.6342311499841062,-1.2818097761817389,-1.7105263157894737,-0.8863636363636364,0.4649927513927509,False
distributed_low_rate_scan,11,5050,4873,23260141.0,10.965294554756833,10.908326965521056,0.4796263401322136,0.0017441424796178148,0.0028074636348937006,0.0027248330093957726,2870,2825,1.3050075836145965,0.03508771929824561,0.8035035760184701,-1.642591210985631,-0.3944262671714654,0.48666966554716357,2.580489210272299,0.45948496928519045,1.0789473684210527,-0.6136363636363636,6.7491900924570185,False
distributed_low_rate_scan,12,4877,4727,22060334.0,10.928251860081211,10.917927436376202,0.4815429154920994,0.0017074537493403318,0.0026277027355977476,0.002934452397683553,2801,2807,-1.5721066861702446,-2.526315789473684,-1.780844216041336,-1.232951873155984,0.7717666895411306,0.22148195826504277,1.412568812862274,1.2860542148542662,-2.5526315789473686,-1.4318181818181819,2.920104985981583,False
distributed_low_rate_scan,13,4886,4739,22080956.0,10.922741881115424,10.939194885147922,0.48077440658958626,0.0015212203674514818,0.0022126759366759303,0.0024921475320180886,2793,2820,-1.522655524048751,-2.3157894736842106,-2.1652574478329774,-0.3254980863967864,0.3041463245714235,-1.124620869196663,-1.2838922408541626,-0.45803826681407467,-2.973684210526316,-0.8409090909090909,0.0,False
distributed_low_rate_scan,14,4890,4737,22350163.0,10.915091639429164,10.934033728824039,0.4819910287076512,0.0017495621844010713,0.00246964641823865,0.00262186007323526,2787,2824,-0.8771022798803407,-2.3508771929824563,-2.698989817568547,-0.545717770498789,1.0444334923834262,0.525843522880128,0.3856647547150851,0.05344303370155716,-3.289473684210526,-0.6590909090909091,0.9649513112967703,False
distributed_low_rate_scan,15,5069,4916,23279519.0,10.976159243781106,10.97509208562549,0.4728935899860902,0.0016128340108745374,0.0021501303355967107,0.002631154019977818,2859,2863,1.351475657496388,0.7894736842105263,1.5614974351903104,1.2061877710408937,-4.491153149949926,-0.46243354705778983,-1.6902558246746162,0.09009083908876166,0.5,1.1136363636363635,6.612361750663244,False
distributed_low_rate_scan,16,5071,4916,22807766.0,10.969602794872019,10.946624383327517,0.48366274824041855,0.002300970643069558,0.0026558059215444426,0.002757701039198666,2878,2865,0.22022097393994255,0.7894736842105263,1.1040754141864124,-0.00849126864630047,2.0616371909785873,4.511447380640445,1.595157374823761,0.5890898823585066,1.5,1.2045454545454546,11.514010164705049,False
distributed_low_rate_scan,17,16981,16806,24380713.0,11.058498709459212,11.079275993911693,0.8128760545327149,0.0014568072722073386,0.002798441538604716,0.0022484166070122725,4021,4027,3.99211783678143,209.3859649122807,7.3060529592418275,5.651576736519556,202.38052216142205,-1.590201468948917,2.521871956327911,-1.4191158104968715,61.6578947368421,54.02272727272727,344.5382064107208,True
distributed_low_rate_scan,18,4987,4833,22628353.0,10.957861868149806,10.937952977317142,0.47982143556900225,0.0014805319680137568,0.0024452508761905914,0.00259475358193325,2837,2839,-0.21000797328649276,-0.6666666666666666,0.28494931342633667,-0.3784886437477703,-0.27571508626426655,-1.4187183557616752,0.22716504050919817,-0.05344303370155716,-0.6578947368421053,0.022727272727272728,0.5348416266628075,False
distributed_low_rate_scan,19,5071,4907,23131858.0,10.980678153293379,10.977423759513332,0.4737099353547547,0.0014544011120939788,0.0023637530543374422,0.0021624722060804625,2879,2850,0.9973873998093605,0.631578947368421,1.876766988953245,1.3056771983681035,-3.9944253723173193,-1.607593296875085,-0.302332580272477,-1.7580109824528407,1.5526315789473684,0.5227272727272727,6.88676938617377,False
distributed_low_rate_scan,20,4989,4831,22782398.0,10.964236678544552,10.95462884072301,0.47655576256529786,0.0017280007135333164,0.002344660996616774,0.0033380594966342,2854,2838,0.15938899446665908,-0.7017543859649122,0.7296990086828284,0.3330482950531321,-2.2628035856559783,0.3699962918147513,-0.42637514863873294,2.877554018431392,0.23684210526315788,-0.022727272727272728,4.70652871371192,False
distributed_low_rate_scan,21,4938,4778,22101222.0,10.951101291595384,10.921074829698615,0.4817837966740266,0.0021207877102904084,0.0024682798082386577,0.0024131697333296775,2833,2791,-1.4740580431276864,-1.631578947368421,-0.18671402652419541,-1.0986567811822716,0.9183374655448849,3.209077457405554,0.37678578436865906,-0.769462796824459,-0.868421052631579,-2.159090909090909,3.585863241774213,False
distributed_low_rate_scan,22,4925,4760,21736321.0,10.922713133948431,10.926675006410383,0.48560138189512236,0.0019910453107496893,0.0024661947162079546,0.0030305956559990074,2832,2832,-2.349083671548556,-1.9473684210526316,-2.1672630437594687,-0.8597046803373309,3.2412521234675142,2.2712938597921957,0.3632387809731876,1.6651654275215657,-0.9210526315789473,-0.29545454545454547,4.299698068286949,False
distributed_low_rate_scan,23,5087,4931,22934149.0,10.974636016633445,10.951971089189186,0.4790925264650967,0.0020380961159709916,0.002375322493980483,0.003552780615491772,2863,2875,0.5232849940350225,1.0526315789473684,1.455226853356675,0.21964556774334568,-0.7192398653311379,2.611379086728285,-0.22716504050919817,3.7242403611001884,0.7105263157894737,1.6590909090909092,11.956025666791266,False
